Times,Time,CMD accept cnt.,last accept CMD,last error CMD,_hk_number_,reboot_cnt,mode_status,_sample_rate_,_sci_write_num_,_sci_time_,R1,R2,_seu_count_,_sci_read_num_,CMD err cnt.,RADFET err cnt.,WDT err cnt,SOM Tmp.,RADFET Tmp.
1,"=""16:03:21.981.080.760 085.960us""",63,10,FF,2,1,FF,60000,1,00 2F,10.000000596046519,1.5504379928634158,0,00 00 00 00,0,1,0,22,21
2,"=""16:04:22.849.687.260 086.020us""",124,10,FF,3,1,FF,60000,2,00 69,1.5447761469812569,1.5504719675149878,0,00 00 00 00,0,0,0,22,21
3,"=""16:05:23.720.696.340 086.020us""",185,10,FF,4,1,FF,60000,3,00 A2,1.5448339634935813,1.5504296482121525,0,00 00 00 00,0,0,0,22,21
4,"=""16:06:24.588.647.360 085.960us""",246,10,FF,5,1,FF,60000,4,00 DB,1.5448136979119418,1.5504320323982277,0,00 00 00 00,0,0,0,22,21
5,"=""16:07:25.441.320.600 086.040us""",51,10,FF,6,1,FF,60000,5,01 14,1.5448232346562427,1.5504421651890474,0,00 00 00 00,0,0,0,22,21
6,"=""16:08:26.307.847.600 086.020us""",112,10,FF,7,1,FF,60000,6,01 4E,1.5448142939584606,1.5504487217007543,0,00 00 00 00,0,0,0,22,21
7,"=""16:09:27.175.150.100 086.000us""",173,10,FF,8,1,FF,60000,7,01 87,1.5448017769815656,1.550446933561198,0,00 00 00 00,0,0,0,22,21
8,"=""16:10:28.045.389.020 086.000us""",234,10,FF,9,1,FF,60000,8,01 C0,1.5448119097723854,1.550427860072596,0,00 00 00 00,0,0,0,22,21
9,"=""16:11:28.924.869.100 086.020us""",39,10,FF,10,1,FF,60000,9,01 FA,1.5448214465166863,1.5504242837934832,0,00 00 00 00,0,0,0,22,21
10,"=""16:12:29.800.713.620 085.980us""",100,10,FF,11,1,FF,60000,10,02 33,1.5448303872144684,1.5504320323982277,0,00 00 00 00,0,0,0,22,21
11,"=""16:13:30.669.537.120 085.980us""",161,10,FF,12,1,FF,60000,11,02 6C,1.5448333674470625,1.550415343095701,0,00 00 00 00,0,0,0,22,21
12,"=""16:14:31.524.707.900 085.980us""",222,10,FF,13,1,FF,60000,12,02 A5,1.544822042563205,1.55043084030519,0,00 00 00 00,0,0,0,22,21
13,"=""16:15:32.379.875.200 085.980us (Jan-25-2024)""",27,10,FF,14,1,FF,60000,13,02 DF,1.5448262148888368,1.5504439533286039,0,00 00 00 00,0,0,0,22,21
14,"=""16:16:33.237.063.140 086.080us""",88,10,FF,15,1,FF,60000,14,03 18,1.5448083334932725,1.5504379928634158,0,00 00 00 00,0,0,0,22,21
15,"=""16:17:34.102.374.440 085.980us""",149,10,FF,16,1,FF,60000,15,03 51,1.5448113137258666,1.5504260719330396,0,00 00 00 00,0,0,0,22,21
16,"=""16:18:34.977.494.740 086.000us""",210,10,FF,17,1,FF,60000,16,03 8B,1.5448333674470625,1.5504421651890474,0,00 00 00 00,0,0,0,22,21
17,"=""16:19:35.845.340.100 086.080us""",15,10,FF,18,1,FF,60000,17,03 C4,1.5448363476796565,1.5504338205377841,0,00 00 00 00,0,0,0,22,21
18,"=""16:20:36.713.916.460 086.020us""",76,10,FF,19,1,FF,60000,19,04 36,1.5448280030283932,1.5504213035608891,0,00 00 00 00,0,0,0,22,21
19,"=""16:21:37.577.291.060 085.980us""",137,10,FF,20,1,FF,60000,20,04 70,1.544819062330611,1.55043084030519,0,00 00 00 00,0,0,0,22,21
20,"=""16:22:38.429.485.540 086.000us""",198,10,FF,21,1,FF,60000,21,04 A9,1.5448339634935813,1.5504493177472731,0,00 00 00 00,0,0,0,22,21
21,"=""16:23:39.295.477.080 086.000us""",3,10,FF,22,1,FF,60000,22,04 E2,1.5447916441907459,1.5504379928634158,0,00 00 00 00,0,0,0,22,21
22,"=""16:24:40.157.145.060 085.980us""",64,10,FF,23,1,FF,60000,23,05 1B,1.5448464804704762,1.550452894026386,0,00 00 00 00,0,0,0,22,21
23,"=""16:25:41.003.499.960 086.020us""",40,10,FF,24,2,FF,60000,24,00 00,0.0,0.0,0,00 00 00 00,0,0,0,22,21
24,"=""16:26:41.853.678.900 086.020us""",101,10,FF,25,2,FF,60000,25,05 77,10.000000596046519,1.550437396816897,0,00 00 00 00,0,1,0,22,21
25,"=""16:27:42.703.575.700 086.020us""",162,10,FF,26,2,FF,60000,26,05 B0,1.5448053532606785,1.5504427612355662,0,00 00 00 00,0,0,0,22,21
26,"=""16:28:43.555.637.520 085.960us""",223,10,FF,27,2,FF,60000,27,05 E9,1.5448530369821831,1.550462430770687,0,00 00 00 00,0,0,0,22,21
27,"=""16:29:44.404.832.300 085.980us""",28,10,FF,28,2,FF,60000,28,06 22,1.5448184662840923,1.5504320323982277,0,00 00 00 00,0,0,0,22,21
28,"=""16:30:45.261.015.840 085.960us""",89,10,FF,29,2,FF,60000,29,06 5C,1.5448327714005436,1.550446337514679,0,00 00 00 00,0,0,0,22,21
29,"=""16:31:46.120.757.100 085.940us""",150,10,FF,30,2,FF,60000,30,06 95,1.5448262148888368,1.5504362047238593,0,00 00 00 00,0,0,0,22,21
30,"=""16:32:46.963.263.500 086.000us""",211,10,FF,31,2,FF,60000,31,06 CE,1.5448303872144684,1.550461834724168,0,00 00 00 00,0,0,0,22,21
31,"=""16:33:47.802.457.720 085.980us""",16,10,FF,32,2,FF,60000,33,07 41,1.5448542290752207,1.5504362047238593,0,00 00 00 00,0,0,0,22,21
32,"=""16:34:48.644.483.000 085.960us""",77,10,FF,33,2,FF,60000,34,07 7A,1.5448309832609872,1.550437396816897,0,00 00 00 00,0,0,0,22,21
33,"=""16:35:49.491.525.300 085.980us (Jan-25-2024)""",138,10,FF,34,2,FF,60000,35,07 B3,1.5448214465166863,1.5504332244912653,0,00 00 00 00,0,0,0,22,21
34,"=""16:36:50.343.403.080 085.960us""",199,10,FF,35,2,FF,60000,36,07 ED,1.5448488646565515,1.5504517019333484,0,00 00 00 00,0,0,0,22,21
35,"=""16:37:51.195.029.180 086.020us""",4,10,FF,36,2,FF,60000,37,08 26,1.5448262148888368,1.55045587425898,0,00 00 00 00,0,0,0,22,21
36,"=""16:38:52.043.577.000 086.000us""",65,10,FF,37,2,FF,60000,38,08 5F,1.5448136979119418,1.5504511058868296,0,00 00 00 00,0,0,0,22,21
37,"=""16:39:52.895.922.900 085.980us""",126,10,FF,38,2,FF,60000,39,08 99,1.5448274069818744,1.550434416584303,0,00 00 00 00,0,0,0,22,21
38,"=""16:40:53.766.781.620 086.000us""",187,10,FF,39,2,FF,60000,40,08 D2,1.5448250227957991,1.5504290521656336,0,00 00 00 00,0,0,0,22,21
39,"=""16:41:54.638.921.860 086.000us""",248,10,FF,40,2,FF,60000,41,09 0B,1.5448274069818744,1.5504540861194236,0,00 00 00 00,0,0,0,22,21
40,"=""16:42:55.496.598.840 085.980us""",53,10,FF,41,2,FF,60000,42,09 44,1.5448548251217395,1.5504648149567621,0,00 00 00 00,0,0,0,22,21
41,"=""16:43:56.342.961.940 086.000us""",114,10,FF,42,2,FF,60000,43,09 7E,1.544838135819213,1.550461834724168,0,00 00 00 00,0,0,0,22,21
42,"=""16:44:57.193.752.740 086.000us""",175,10,FF,43,2,FF,60000,44,09 B7,1.5448202544236487,1.5504487217007543,0,00 00 00 00,0,0,0,22,21
43,"=""16:45:58.050.095.600 086.000us""",236,10,FF,44,2,FF,60000,45,09 F0,1.5448303872144684,1.5504731596080255,0,00 00 00 00,0,0,0,22,21
44,"=""16:46:58.903.739.300 086.020us""",41,10,FF,45,2,FF,60000,46,0A 2A,1.5448232346562427,1.5504606426311305,0,00 00 00 00,0,0,0,22,21
45,"=""16:47:59.761.859.300 086.000us""",102,10,FF,46,2,FF,60000,47,0A 63,1.544866150005597,1.5504719675149878,0,00 00 00 00,0,0,0,22,21
46,"=""16:49:00.606.972.500 086.000us""",163,10,FF,47,2,FF,60000,48,0A 9C,1.5448375397726941,1.550427860072596,0,00 00 00 00,0,0,0,22,21
47,"=""16:50:01.455.504.980 085.980us""",224,10,FF,48,2,FF,60000,49,0A D6,1.5448572093078148,1.5504606426311305,0,00 00 00 00,0,0,0,22,21
48,"=""16:51:02.306.009.220 085.960us""",29,10,FF,49,2,FF,60000,50,0B 0F,1.5448280030283932,1.5504368007703782,0,00 00 00 00,0,0,0,22,21
49,"=""16:52:03.155.293.280 085.960us""",90,10,FF,50,2,FF,60000,51,0B 48,1.5448363476796565,1.550461834724168,0,00 00 00 00,0,0,0,22,21
50,"=""16:53:03.998.875.920 086.000us""",151,10,FF,51,2,FF,60000,52,0B 81,1.5448494607030703,1.5504427612355662,0,00 00 00 00,0,0,0,22,21
51,"=""16:54:04.853.709.420 085.960us""",212,10,FF,52,2,FF,60000,53,0B BB,1.5448572093078148,1.550483888445364,0,00 00 00 00,0,0,0,22,21
52,"=""16:55:05.694.868.480 086.020us""",17,10,FF,53,2,FF,60000,55,0C 2D,1.544866150005597,1.5504612386776493,0,00 00 00 00,0,0,0,22,21
53,"=""16:56:06.529.639.080 086.000us (Jan-25-2024)""",78,10,FF,54,2,FF,60000,56,0C 67,1.5448339634935813,1.5504290521656336,0,00 00 00 00,0,0,0,22,21
54,"=""16:57:07.376.352.020 086.000us""",139,10,FF,55,2,FF,60000,57,0C A0,1.5448351555866189,1.550449913793792,0,00 00 00 00,0,0,0,22,21
55,"=""16:58:08.222.136.440 086.000us""",200,10,FF,56,2,FF,60000,58,0C D9,1.5448768788429355,1.550446337514679,0,00 00 00 00,0,0,0,22,21
56,"=""16:59:09.065.088.480 085.980us""",5,10,FF,57,2,FF,60000,59,0D 13,1.5448202544236487,1.5504391849564534,0,00 00 00 00,0,0,0,22,21
57,"=""17:00:09.926.867.000 085.980us""",66,10,FF,58,2,FF,60000,60,0D 4C,1.5448280030283932,1.5504636228637245,0,00 00 00 00,0,0,0,22,21
58,"=""17:01:10.796.395.220 086.000us""",127,10,FF,59,2,FF,60000,61,0D 85,1.5448393279122505,1.5504600465846117,0,00 00 00 00,0,0,0,22,21
59,"=""17:02:11.664.772.640 085.980us""",188,10,FF,60,2,FF,60000,62,0D BE,1.5448548251217395,1.5504755437941007,0,00 00 00 00,0,0,0,22,21
60,"=""17:03:12.522.908.540 085.980us""",249,10,FF,61,2,FF,60000,63,0D F8,1.5448291951214308,1.5504660070497998,0,00 00 00 00,0,0,0,22,21
61,"=""17:04:13.384.483.800 086.040us""",52,10,FF,62,3,FF,60000,64,00 00,0.0,0.0,0,00 00 00 00,0,0,0,22,21
62,"=""17:05:14.245.813.180 086.000us""",113,10,FF,63,3,FF,60000,65,0E 52,10.000000596046519,1.5504177272817763,0,00 00 00 00,0,1,0,22,21
63,"=""17:06:15.118.279.700 086.020us""",174,10,FF,64,3,FF,60000,66,0E 8B,1.5448429041913634,1.550468391235875,0,00 00 00 00,0,0,0,22,21
64,"=""17:07:15.992.678.940 086.020us""",235,10,FF,65,3,FF,60000,68,0E FE,1.544844096284401,1.550446933561198,0,00 00 00 00,0,0,0,22,21
65,"=""17:08:16.858.493.320 086.000us""",40,10,FF,66,3,FF,60000,69,0F 37,1.5448232346562427,1.5504362047238593,0,00 00 00 00,0,0,0,22,21
66,"=""17:09:17.719.810.840 086.020us""",101,10,FF,67,3,FF,60000,70,0F 70,1.5448542290752207,1.5504475296077167,0,00 00 00 00,0,0,0,22,21
67,"=""17:10:18.576.621.080 086.000us""",162,10,FF,68,3,FF,60000,71,0F AA,1.5448202544236487,1.5504457414681603,0,00 00 00 00,0,0,0,22,21
68,"=""17:11:19.434.682.680 086.080us""",223,10,FF,69,3,FF,60000,72,0F E3,1.5448482686100327,1.5504707754219502,0,00 00 00 00,0,0,0,22,21
69,"=""17:12:20.299.603.240 086.040us""",28,10,FF,70,3,FF,60000,73,10 1C,1.5448607855869276,1.5504427612355662,0,00 00 00 00,0,0,0,22,21
70,"=""17:13:21.167.969.260 086.020us""",89,10,FF,71,3,FF,60000,74,10 55,1.5448572093078148,1.5504660070497998,0,00 00 00 00,0,0,0,22,21
71,"=""17:14:22.031.548.700 086.040us""",150,10,FF,72,3,FF,60000,75,10 8F,1.5448268109353556,1.5504314363517089,0,00 00 00 00,0,0,0,22,21
72,"=""17:15:22.889.390.480 086.020us""",211,10,FF,73,3,FF,60000,76,10 C8,1.544841116051807,1.5504391849564534,0,00 00 00 00,0,0,0,22,21
73,"=""17:16:23.745.337.760 086.040us (Jan-25-2024)""",16,10,FF,74,3,FF,60000,77,11 01,1.544822042563205,1.5504892528640333,0,00 00 00 00,0,0,0,22,21
74,"=""17:17:24.617.318.860 085.980us""",77,10,FF,75,3,FF,60000,78,11 3B,1.5448250227957991,1.5504695833289126,0,00 00 00 00,0,0,0,22,21
75,"=""17:18:25.480.156.040 086.000us""",138,10,FF,76,3,FF,60000,79,11 74,1.544816082098017,1.5504648149567621,0,00 00 00 00,0,0,0,22,21
76,"=""17:19:26.350.240.540 086.000us""",199,10,FF,77,3,FF,60000,80,11 AD,1.5448417120983258,1.5504445493751227,0,00 00 00 00,0,0,0,22,21
77,"=""17:20:27.210.483.960 086.040us""",4,10,FF,78,3,FF,60000,81,11 E7,1.544822042563205,1.5504570663520176,0,00 00 00 00,0,0,0,22,21
78,"=""17:21:28.083.577.480 086.020us""",65,10,FF,79,3,FF,60000,82,12 20,1.5448309832609872,1.5504695833289126,0,00 00 00 00,0,0,0,22,21
79,"=""17:22:28.959.097.420 086.020us""",126,10,FF,80,3,FF,60000,83,12 59,1.5448560172147772,1.5504612386776493,0,00 00 00 00,0,0,0,22,21
80,"=""17:23:29.829.660.240 086.000us""",187,10,FF,81,3,FF,60000,84,12 92,1.5448423081448446,1.5504648149567621,0,00 00 00 00,0,0,0,22,21
81,"=""17:24:30.699.987.460 086.000us""",248,10,FF,82,3,FF,60000,85,12 CC,1.5448136979119418,1.5504540861194236,0,00 00 00 00,0,0,0,22,21
82,"=""17:25:31.584.378.620 086.000us""",53,10,FF,83,3,FF,60000,86,13 05,1.5447993927954904,1.5504564703054988,0,00 00 00 00,0,0,0,22,21
83,"=""17:26:32.473.367.860 086.020us""",114,10,FF,84,3,FF,60000,87,13 3E,1.5448274069818744,1.5504671991428374,0,00 00 00 00,0,0,0,22,21
84,"=""17:27:33.360.722.920 086.080us""",175,10,FF,85,3,FF,60000,88,13 78,1.544856613261296,1.5504493177472731,0,00 00 00 00,0,0,0,22,21
85,"=""17:28:34.252.348.380 086.060us""",236,10,FF,86,3,FF,60000,90,13 EA,1.544862573726484,1.55048090821277,0,00 00 00 00,0,0,0,22,21
86,"=""17:29:35.138.019.600 085.980us""",41,10,FF,87,3,FF,60000,91,14 23,1.544831579307506,1.5504749477475819,0,00 00 00 00,0,0,0,22,21
87,"=""17:30:36.026.172.600 086.020us""",102,10,FF,88,3,FF,60000,92,14 5D,1.544816082098017,1.5504397810029722,0,00 00 00 00,0,0,0,22,21
88,"=""17:31:36.922.652.380 086.020us""",163,10,FF,89,3,FF,60000,93,14 96,1.5448309832609872,1.5504648149567621,0,00 00 00 00,0,0,0,22,21
89,"=""17:32:37.811.648.280 085.980us""",224,10,FF,90,3,FF,60000,94,14 CF,1.5447999888420092,1.550458854491574,0,00 00 00 00,0,0,0,22,21
90,"=""17:33:38.685.507.560 086.000us""",29,10,FF,91,3,FF,60000,95,15 08,1.5448357516331377,1.5504475296077167,0,00 00 00 00,0,0,0,22,21
91,"=""17:34:39.576.205.580 086.000us""",90,10,FF,92,3,FF,60000,96,15 42,1.544841116051807,1.5504457414681603,0,00 00 00 00,0,0,0,22,21
92,"=""17:35:40.455.166.780 086.040us""",151,10,FF,93,3,FF,60000,97,15 7B,1.5448399239587693,1.5504564703054988,0,00 00 00 00,0,0,0,22,21
93,"=""17:36:41.337.008.360 086.000us (Jan-25-2024)""",212,10,FF,94,3,FF,60000,98,15 B4,1.5448327714005436,1.5504284561191148,0,00 00 00 00,0,0,0,22,21
94,"=""17:37:42.206.428.540 085.980us""",17,10,FF,95,3,FF,60000,99,15 ED,1.5448268109353556,1.5504272640260772,0,00 00 00 00,0,0,0,22,21
95,"=""17:38:43.072.372.380 086.000us""",78,10,FF,96,3,FF,60000,100,16 27,1.5448357516331377,1.5504767358871383,0,00 00 00 00,0,0,0,22,21
96,"=""17:39:43.935.423.680 085.960us""",139,10,FF,97,3,FF,60000,101,16 60,1.5448238307027615,1.5504928291431461,0,00 00 00 00,0,0,0,22,21
97,"=""17:40:44.803.416.880 086.000us""",200,10,FF,98,3,FF,60000,102,16 99,1.5448548251217395,1.550446933561198,0,00 00 00 00,0,0,0,22,21
98,"=""17:41:45.674.322.120 086.020us""",5,10,FF,99,3,FF,60000,103,16 D3,1.5448494607030703,1.5504195154213327,0,00 00 00 00,0,0,0,22,21
99,"=""17:42:46.541.260.700 086.000us""",66,10,FF,100,3,FF,60000,104,17 0C,1.5448488646565515,1.5504457414681603,0,00 00 00 00,0,0,0,22,21
100,"=""17:43:47.405.606.120 085.980us""",127,10,FF,101,3,FF,60000,105,17 45,1.5448548251217395,1.5504368007703782,0,00 00 00 00,0,0,0,22,21
101,"=""17:44:48.259.469.840 085.980us""",188,10,FF,102,3,FF,60000,106,17 7E,1.5448172741910546,1.5504594505380929,0,00 00 00 00,0,0,0,22,21
102,"=""17:45:49.119.761.380 086.000us""",249,10,FF,103,3,FF,60000,107,17 B8,1.5448280030283932,1.5504552782124612,0,00 00 00 00,0,0,0,22,21
103,"=""17:46:49.979.483.560 086.020us""",54,10,FF,104,3,FF,60000,108,17 F1,1.5448166781445358,1.5504677951893562,0,00 00 00 00,0,0,0,22,21
104,"=""17:47:50.861.087.760 086.020us""",42,10,FF,105,4,FF,60000,109,00 00,0.0,0.0,0,00 00 00 00,0,0,0,22,21
105,"=""17:48:51.743.786.340 086.100us""",103,10,FF,106,4,FF,60000,110,18 70,10.000000596046519,1.550468391235875,0,00 00 00 00,0,1,0,22,21
106,"=""17:49:52.614.583.260 086.000us""",164,10,FF,107,4,FF,60000,111,18 AA,1.5448601895404088,1.5504606426311305,0,00 00 00 00,0,0,0,22,21
107,"=""17:50:53.484.604.200 086.020us""",225,10,FF,108,4,FF,60000,112,18 E3,1.5448375397726941,1.5504391849564534,0,00 00 00 00,0,0,0,22,21
108,"=""17:51:54.350.537.380 086.040us""",30,10,FF,109,4,FF,60000,113,19 1C,1.5448083334932725,1.5504320323982277,0,00 00 00 00,0,0,0,22,21
109,"=""17:52:55.214.797.060 086.000us""",91,10,FF,110,4,FF,60000,114,19 56,1.5448178702375734,1.5504475296077167,0,00 00 00 00,0,0,0,22,21
110,"=""17:53:56.077.118.880 086.080us""",152,10,FF,111,4,FF,60000,115,19 8F,1.5448327714005436,1.5504606426311305,0,00 00 00 00,0,0,0,22,21
111,"=""17:54:56.939.751.760 085.940us""",213,10,FF,112,4,FF,60000,117,1A 01,1.544828599074912,1.5504338205377841,0,00 00 00 00,0,0,0,22,21
112,"=""17:55:57.805.789.420 086.000us""",18,10,FF,113,4,FF,60000,118,1A 3B,1.544806545353716,1.550443357282085,0,00 00 00 00,0,0,0,22,21
113,"=""17:56:58.678.618.560 085.980us (Jan-25-2024)""",79,10,FF,114,4,FF,60000,119,1A 74,1.5448560172147772,1.5504606426311305,0,00 00 00 00,0,0,0,22,21
114,"=""17:57:59.544.209.220 086.000us""",140,10,FF,115,4,FF,60000,120,1A AD,1.544813101865423,1.5504350126308217,0,00 00 00 00,0,0,0,22,21
115,"=""17:59:00.415.481.720 086.000us""",201,10,FF,116,4,FF,60000,121,1A E7,1.544865553959078,1.5504415691425286,0,00 00 00 00,0,0,0,22,21
116,"=""18:00:01.281.535.660 086.020us""",6,10,FF,117,4,FF,60000,122,1B 20,1.5448333674470625,1.5504570663520176,0,00 00 00 00,0,0,0,22,21
117,"=""18:01:02.148.098.620 085.960us""",67,10,FF,118,4,FF,60000,123,1B 59,1.5448274069818744,1.5504391849564534,0,00 00 00 00,0,0,0,22,21
118,"=""18:02:03.011.468.620 086.020us""",128,10,FF,119,4,FF,60000,124,1B 92,1.5448041611676409,1.550446933561198,0,00 00 00 00,0,0,0,22,21
119,"=""18:03:03.876.438.400 085.940us""",189,10,FF,120,4,FF,60000,125,1B CC,1.544856613261296,1.5504600465846117,0,00 00 00 00,0,0,0,22,21
120,"=""18:04:04.744.203.360 085.980us""",250,10,FF,121,4,FF,60000,126,1C 05,1.5448291951214308,1.5504397810029722,0,00 00 00 00,0,0,0,22,21
121,"=""18:05:05.605.055.620 085.940us""",55,10,FF,122,4,FF,60000,127,1C 3E,1.5448291951214308,1.5504427612355662,0,00 00 00 00,0,0,0,22,21
122,"=""18:06:06.464.791.800 086.000us""",116,10,FF,123,4,FF,60000,128,1C 77,1.5448339634935813,1.550446933561198,0,00 00 00 00,0,0,0,22,21
123,"=""18:07:07.335.626.900 086.000us""",177,10,FF,124,4,FF,60000,129,1C B1,1.5448709183777474,1.5504332244912653,0,00 00 00 00,0,0,0,22,21
124,"=""18:08:08.197.442.920 086.000us""",238,10,FF,125,4,FF,60000,130,1C EA,1.5448196583771299,1.5504540861194236,0,00 00 00 00,0,0,0,22,21
125,"=""18:09:09.058.866.740 085.980us""",43,10,FF,126,4,FF,60000,131,1D 23,1.5447922402372647,1.5504141510026634,0,00 00 00 00,0,0,0,22,21
126,"=""18:10:09.918.506.500 086.000us""",104,10,FF,127,4,FF,60000,132,1D 5D,1.5448601895404088,1.5504570663520176,0,00 00 00 00,0,0,0,22,21
127,"=""18:11:10.789.600.660 086.020us""",165,10,FF,128,4,FF,60000,133,1D 96,1.5448488646565515,1.550458854491574,0,00 00 00 00,0,0,0,22,21
128,"=""18:12:11.661.648.180 085.980us""",226,10,FF,129,4,FF,60000,134,1D CF,1.5448333674470625,1.5504302442586713,0,00 00 00 00,0,0,0,22,21
129,"=""18:13:12.540.181.100 086.000us""",31,10,FF,130,4,FF,60000,135,1E 08,1.544838135819213,1.5504606426311305,0,00 00 00 00,0,0,0,22,21
130,"=""18:14:13.407.403.420 086.000us""",92,10,FF,131,4,FF,60000,136,1E 42,1.5448047572141597,1.5504427612355662,0,00 00 00 00,0,0,0,22,21
131,"=""18:15:14.264.596.060 086.000us""",153,10,FF,132,4,FF,60000,137,1E 7B,1.5448238307027615,1.5504636228637245,0,00 00 00 00,0,0,0,22,21
132,"=""18:16:15.123.338.300 085.980us""",214,10,FF,133,4,FF,60000,139,1E EE,1.544844096284401,1.5504415691425286,0,00 00 00 00,0,0,0,22,21
133,"=""18:17:15.988.642.200 085.980us (Jan-25-2024)""",19,10,FF,134,4,FF,60000,140,1F 27,1.5448113137258666,1.5504511058868296,0,00 00 00 00,0,0,0,22,21
134,"=""18:18:16.853.365.020 086.020us""",54,10,FF,135,5,FF,60000,141,00 00,0.0,0.0,0,00 00 00 00,0,0,0,22,21
135,"=""18:19:17.711.544.000 086.000us""",115,10,FF,136,5,FF,60000,142,1F 6C,10.000000596046519,1.5504606426311305,0,00 00 00 00,0,1,0,22,21
136,"=""18:20:18.574.959.760 086.060us""",176,10,FF,137,5,FF,60000,144,1F DF,1.544841116051807,1.5504791200732135,0,00 00 00 00,0,0,0,22,21
137,"=""18:21:19.437.689.360 086.000us""",26,10,FF,138,6,FF,60000,145,00 00,0.0,0.0,0,00 00 00 00,0,0,0,22,21
138,"=""18:22:20.315.789.860 086.060us""",87,10,FF,139,6,FF,60000,146,20 3C,10.000000596046519,1.550424879840002,0,00 00 00 00,0,1,0,22,21
139,"=""18:23:21.185.405.940 086.040us""",148,10,FF,140,6,FF,60000,147,20 75,1.5448232346562427,1.5504719675149878,0,00 00 00 00,0,0,0,22,21
140,"=""18:24:22.057.490.800 086.020us""",209,10,FF,141,6,FF,60000,148,20 AE,1.544828599074912,1.550465411003281,0,00 00 00 00,0,0,0,22,21
141,"=""18:25:22.930.616.820 086.020us""",14,10,FF,142,6,FF,60000,149,20 E8,1.5448488646565515,1.5504719675149878,0,00 00 00 00,0,0,0,22,21
142,"=""18:26:23.811.308.060 086.020us""",75,10,FF,143,6,FF,60000,150,21 21,1.544850056749589,1.5504666030963186,0,00 00 00 00,0,0,0,22,21
143,"=""18:27:24.698.243.880 086.040us""",136,10,FF,144,6,FF,60000,151,21 5A,1.5448250227957991,1.5504749477475819,0,00 00 00 00,0,0,0,22,21
144,"=""18:28:25.571.983.260 086.000us""",197,10,FF,145,6,FF,60000,152,21 93,1.5448548251217395,1.550486868677958,0,00 00 00 00,0,0,0,22,21
145,"=""18:29:26.447.162.540 086.040us""",2,10,FF,146,6,FF,60000,153,21 CD,1.5448375397726941,1.55043084030519,0,00 00 00 00,0,0,0,22,21
146,"=""18:30:27.315.093.000 086.000us""",63,10,FF,147,6,FF,60000,154,22 06,1.544847076516995,1.5504576623985364,0,00 00 00 00,0,0,0,22,21
147,"=""18:31:28.187.474.060 086.040us""",124,10,FF,148,6,FF,60000,155,22 3F,1.5448727065173038,1.5505077303061163,0,00 00 00 00,0,0,0,22,21
148,"=""18:32:29.064.850.300 085.980us""",185,10,FF,149,6,FF,60000,156,22 79,1.544831579307506,1.5504755437941007,0,00 00 00 00,0,0,0,22,21
149,"=""18:33:29.940.929.400 086.020us""",246,10,FF,150,6,FF,60000,158,22 EB,1.5448631697730029,1.5504701793754314,0,00 00 00 00,0,0,0,22,21
150,"=""18:34:30.823.750.940 086.000us""",51,10,FF,151,6,FF,60000,159,23 24,1.5448351555866189,1.5504815042592888,0,00 00 00 00,0,0,0,22,21
151,"=""18:35:31.713.137.380 086.040us""",112,10,FF,152,6,FF,60000,160,23 5E,1.5448172741910546,1.5504874647244768,0,00 00 00 00,0,0,0,22,21
152,"=""18:36:32.600.047.660 086.020us""",173,10,FF,153,6,FF,60000,161,23 97,1.5448393279122505,1.5504630268172057,0,00 00 00 00,0,0,0,22,21
153,"=""18:37:33.482.797.520 086.000us (Jan-25-2024)""",234,10,FF,154,6,FF,60000,162,23 D0,1.5448601895404088,1.5504660070497998,0,00 00 00 00,0,0,0,22,21
154,"=""18:38:34.361.245.740 086.060us""",39,10,FF,155,6,FF,60000,163,24 09,1.5448214465166863,1.5504290521656336,0,00 00 00 00,0,0,0,22,21
155,"=""18:39:35.242.653.000 086.000us""",100,10,FF,156,6,FF,60000,164,24 43,1.5448309832609872,1.5504666030963186,0,00 00 00 00,0,0,0,22,21
156,"=""18:40:36.125.223.640 086.020us""",161,10,FF,157,6,FF,60000,165,24 7C,1.5448357516331377,1.5504606426311305,0,00 00 00 00,0,0,0,22,21
157,"=""18:41:36.997.767.600 086.000us""",222,10,FF,158,6,FF,60000,166,24 B5,1.5448214465166863,1.5504928291431461,0,00 00 00 00,0,0,0,22,21
158,"=""18:42:37.875.383.220 086.020us""",27,10,FF,159,6,FF,60000,167,24 EF,1.5448709183777474,1.5504785240266947,0,00 00 00 00,0,0,0,22,21
159,"=""18:43:38.753.052.180 086.000us""",88,10,FF,160,6,FF,60000,168,25 28,1.5448482686100327,1.5504660070497998,0,00 00 00 00,0,0,0,22,21
160,"=""18:44:39.633.776.380 086.020us""",149,10,FF,161,6,FF,60000,169,25 61,1.5448303872144684,1.550427860072596,0,00 00 00 00,0,0,0,22,21
161,"=""18:45:40.510.936.620 086.020us""",35,10,FF,162,7,FF,60000,170,00 00,0.0,0.0,0,00 00 00 00,0,0,0,22,21
162,"=""18:46:41.389.973.340 086.020us""",96,10,FF,163,7,FF,60000,171,25 D3,10.000000596046519,1.5504475296077167,0,00 00 00 00,0,1,0,22,21
163,"=""18:47:42.277.742.480 086.040us""",4,10,FF,164,8,FF,60000,173,00 00,0.0,0.0,0,00 00 00 00,0,0,0,22,21
164,"=""18:48:43.158.731.480 086.000us""",65,10,FF,165,8,FF,60000,174,26 6B,10.000000596046519,1.550418919374814,0,00 00 00 00,0,1,0,22,21
165,"=""18:49:44.034.569.240 086.020us""",126,10,FF,166,8,FF,60000,175,26 A4,1.544825618842318,1.5504320323982277,0,00 00 00 00,0,0,0,22,21
166,"=""18:50:44.928.302.460 086.160us""",187,10,FF,167,8,FF,60000,176,26 DD,1.5448423081448446,1.5504612386776493,0,00 00 00 00,0,0,0,22,21
167,"=""18:51:45.825.786.640 086.020us""",248,10,FF,168,8,FF,60000,177,27 16,1.5448178702375734,1.550449913793792,0,00 00 00 00,0,0,0,22,21
168,"=""18:52:46.710.781.960 086.000us""",53,10,FF,169,8,FF,60000,178,27 50,1.5448232346562427,1.5504987896083342,0,00 00 00 00,0,0,0,22,21
169,"=""18:53:47.592.373.920 085.980us""",114,10,FF,170,8,FF,60000,179,27 89,1.544847076516995,1.5504540861194236,0,00 00 00 00,0,0,0,22,21
170,"=""18:54:48.453.237.260 086.000us""",175,10,FF,171,8,FF,60000,180,27 C2,1.544847076516995,1.5504493177472731,0,00 00 00 00,0,0,0,22,21
171,"=""18:55:49.327.664.960 085.980us""",236,10,FF,172,8,FF,60000,181,27 FC,1.5448518448891455,1.5504797161197323,0,00 00 00 00,0,0,0,22,21
172,"=""18:56:50.209.910.960 086.020us""",41,10,FF,173,8,FF,60000,182,28 35,1.544841116051807,1.5504302442586713,0,00 00 00 00,0,0,0,22,21
173,"=""18:57:51.084.526.940 085.980us (Jan-25-2024)""",102,10,FF,174,8,FF,60000,183,28 6E,1.5448339634935813,1.5504600465846117,0,00 00 00 00,0,0,0,22,21
174,"=""18:58:51.955.927.660 085.980us""",163,10,FF,175,8,FF,60000,184,28 A7,1.5448083334932725,1.5504350126308217,0,00 00 00 00,0,0,0,22,21
175,"=""18:59:52.825.746.420 086.000us""",224,10,FF,176,8,FF,60000,185,28 E1,1.5448053532606785,1.550471371468469,0,00 00 00 00,0,0,0,22,21
176,"=""19:00:53.699.253.720 085.980us""",29,10,FF,177,8,FF,60000,186,29 1A,1.5448357516331377,1.550486868677958,0,00 00 00 00,0,0,0,22,21
177,"=""19:01:54.568.333.680 086.000us""",90,10,FF,178,8,FF,60000,187,29 53,1.5448327714005436,1.5504642189102433,0,00 00 00 00,0,0,0,22,21
178,"=""19:02:55.447.187.600 086.000us""",151,10,FF,179,8,FF,60000,188,29 8D,1.544850056749589,1.5504737556545443,0,00 00 00 00,0,0,0,22,21
179,"=""19:03:56.326.727.280 085.980us""",212,10,FF,180,8,FF,60000,189,29 C6,1.5448250227957991,1.5504874647244768,0,00 00 00 00,0,0,0,22,21
180,"=""19:04:57.200.933.560 086.000us""",17,10,FF,181,8,FF,60000,190,29 FF,1.5448649579125593,1.5504815042592888,0,00 00 00 00,0,0,0,22,21
181,"=""19:05:58.073.381.240 086.020us""",78,10,FF,182,8,FF,60000,191,2A 38,1.5448309832609872,1.550477331933657,0,00 00 00 00,0,0,0,22,21
182,"=""19:06:58.938.231.340 086.000us""",139,10,FF,183,8,FF,60000,192,2A 72,1.544838135819213,1.5504451454216415,0,00 00 00 00,0,0,0,22,21
183,"=""19:07:59.819.317.240 086.000us""",200,10,FF,184,8,FF,60000,193,2A AB,1.5448578053543336,1.5504701793754314,0,00 00 00 00,0,0,0,22,21
184,"=""19:09:00.712.665.520 086.060us""",5,10,FF,185,8,FF,60000,195,2B 1D,1.544822042563205,1.550462430770687,0,00 00 00 00,0,0,0,22,21
185,"=""19:10:01.623.475.800 086.000us""",66,10,FF,186,8,FF,60000,196,2B 57,1.5448297911679496,1.5504600465846117,0,00 00 00 00,0,0,0,22,21
186,"=""19:11:02.534.219.200 086.020us""",127,10,FF,187,8,FF,60000,197,2B 90,1.5448297911679496,1.550483888445364,0,00 00 00 00,0,0,0,22,21
187,"=""19:12:03.439.686.020 086.000us""",188,10,FF,188,8,FF,60000,198,2B C9,1.5448399239587693,1.5504648149567621,0,00 00 00 00,0,0,0,22,21
188,"=""19:13:04.339.978.800 086.020us""",249,10,FF,189,8,FF,60000,199,2C 02,1.5448309832609872,1.550465411003281,0,00 00 00 00,0,0,0,22,21
189,"=""19:14:05.242.065.360 086.020us""",54,10,FF,190,8,FF,60000,200,2C 3C,1.5448363476796565,1.550461834724168,0,00 00 00 00,0,0,0,22,21
190,"=""19:15:06.139.655.900 086.000us""",115,10,FF,191,8,FF,60000,201,2C 75,1.5448232346562427,1.5504648149567621,0,00 00 00 00,0,0,0,22,21
191,"=""19:16:07.050.153.580 086.020us""",176,10,FF,192,8,FF,60000,202,2C AE,1.5448589974473712,1.5504767358871383,0,00 00 00 00,0,0,0,22,21
192,"=""19:17:07.947.922.200 086.000us""",237,10,FF,193,8,FF,60000,203,2C E8,1.544844096284401,1.5504630268172057,0,00 00 00 00,0,0,0,22,21
193,"=""19:18:08.849.310.380 085.980us (Jan-25-2024)""",42,10,FF,194,8,FF,60000,204,2D 21,1.5448673420986345,1.5504552782124612,0,00 00 00 00,0,0,0,22,21
194,"=""19:19:09.732.513.300 086.020us""",103,10,FF,195,8,FF,60000,205,2D 5A,1.5448369437261753,1.5504701793754314,0,00 00 00 00,0,0,0,22,21
195,"=""19:20:10.608.497.280 086.100us""",164,10,FF,196,8,FF,60000,206,2D 93,1.5448423081448446,1.5504701793754314,0,00 00 00 00,0,0,0,22,21
196,"=""19:21:11.487.092.080 086.000us""",225,10,FF,197,8,FF,60000,207,2D CD,1.5448488646565515,1.5504505098403107,0,00 00 00 00,0,0,0,22,21
197,"=""19:22:12.374.614.380 086.020us""",30,10,FF,198,8,FF,60000,208,2E 06,1.5448345595401,1.5504666030963186,0,00 00 00 00,0,0,0,22,21
198,"=""19:23:13.255.648.140 086.220us""",91,10,FF,199,8,FF,60000,209,2E 3F,1.544856613261296,1.550468391235875,0,00 00 00 00,0,0,0,22,21
199,"=""19:24:14.148.608.480 086.140us""",152,10,FF,200,8,FF,60000,210,2E 78,1.5448589974473712,1.5504350126308217,0,00 00 00 00,0,0,0,22,21
200,"=""19:25:15.042.982.840 086.000us""",213,10,FF,201,8,FF,60000,211,2E B2,1.54485959349389,1.5504427612355662,0,00 00 00 00,0,0,0,22,21
201,"=""19:26:15.933.835.240 086.000us""",18,10,FF,202,8,FF,60000,212,2E EB,1.5448476725635139,1.5504707754219502,0,00 00 00 00,0,0,0,22,21
202,"=""19:27:16.830.331.980 085.980us""",79,10,FF,203,8,FF,60000,213,2F 24,1.5448327714005436,1.5504409730960098,0,00 00 00 00,0,0,0,22,21
203,"=""19:28:17.717.072.180 086.160us""",140,10,FF,204,8,FF,60000,214,2F 5E,1.5448560172147772,1.5504791200732135,0,00 00 00 00,0,0,0,22,21
204,"=""19:29:18.606.409.600 086.000us""",201,10,FF,205,8,FF,60000,215,2F 97,1.5448482686100327,1.5504612386776493,0,00 00 00 00,0,0,0,22,21
205,"=""19:30:19.492.652.080 086.140us""",6,10,FF,206,8,FF,60000,217,30 09,1.5448572093078148,1.5504648149567621,0,00 00 00 00,0,0,0,22,21
206,"=""19:31:20.378.066.640 085.960us""",67,10,FF,207,8,FF,60000,218,30 43,1.5448572093078148,1.5504671991428374,0,00 00 00 00,0,0,0,22,21
207,"=""19:32:21.268.540.880 085.940us""",128,10,FF,208,8,FF,60000,219,30 7C,1.5448512488426267,1.5504606426311305,0,00 00 00 00,0,0,0,22,21
208,"=""19:33:22.165.002.080 085.940us""",189,10,FF,209,8,FF,60000,220,30 B5,1.5448452883774386,1.5504886568175145,0,00 00 00 00,0,0,0,22,21
209,"=""19:34:23.068.686.460 086.140us""",250,10,FF,210,8,FF,60000,221,30 EE,1.5448280030283932,1.5504391849564534,0,00 00 00 00,0,0,0,22,21
210,"=""19:35:23.969.932.180 085.960us""",55,10,FF,211,8,FF,60000,222,31 28,1.5448321753540248,1.550493425189665,0,00 00 00 00,0,0,0,22,21
211,"=""19:36:24.867.564.600 086.140us""",116,10,FF,212,8,FF,60000,223,31 61,1.5448530369821831,1.5504701793754314,0,00 00 00 00,0,0,0,22,21
212,"=""19:37:25.765.110.620 086.120us""",177,10,FF,213,8,FF,60000,224,31 9A,1.5448423081448446,1.550477927980176,0,00 00 00 00,0,0,0,22,21
213,"=""19:38:26.651.702.720 086.160us (Jan-25-2024)""",238,10,FF,214,8,FF,60000,225,31 D3,1.5448494607030703,1.5504755437941007,0,00 00 00 00,0,0,0,22,21
214,"=""19:39:27.541.212.160 086.180us""",43,10,FF,215,8,FF,60000,226,32 0D,1.5448679381451533,1.550483888445364,0,00 00 00 00,0,0,0,22,21
215,"=""19:40:28.432.871.380 086.140us""",104,10,FF,216,8,FF,60000,227,32 46,1.5448405200052882,1.5504785240266947,0,00 00 00 00,0,0,0,22,21
216,"=""19:41:29.315.620.860 085.980us""",165,10,FF,217,8,FF,60000,228,32 7F,1.5448673420986345,1.5504856765849204,0,00 00 00 00,0,0,0,22,21
217,"=""19:42:30.202.953.060 085.980us""",226,10,FF,218,8,FF,60000,229,32 B9,1.5448423081448446,1.5504719675149878,0,00 00 00 00,0,0,0,22,21
218,"=""19:43:31.079.155.500 086.020us""",31,10,FF,219,8,FF,60000,230,32 F2,1.5448572093078148,1.5504666030963186,0,00 00 00 00,0,0,0,22,21
219,"=""19:44:31.947.898.940 086.140us""",92,10,FF,220,8,FF,60000,231,33 2B,1.5448482686100327,1.55048090821277,0,00 00 00 00,0,0,0,22,21
220,"=""19:45:32.819.673.580 086.180us""",153,10,FF,221,8,FF,60000,232,33 64,1.5448458844239574,1.550446933561198,0,00 00 00 00,0,0,0,22,21
221,"=""19:46:33.690.357.180 086.120us""",214,10,FF,222,8,FF,60000,233,33 9E,1.544844096284401,1.5504707754219502,0,00 00 00 00,0,0,0,22,21
222,"=""19:47:34.564.567.240 086.160us""",19,10,FF,223,8,FF,60000,234,33 D7,1.5448387318657317,1.5504660070497998,0,00 00 00 00,0,0,0,22,21
223,"=""19:48:35.437.341.320 086.140us""",80,10,FF,224,8,FF,60000,235,34 10,1.5448458844239574,1.5504540861194236,0,00 00 00 00,0,0,0,22,21
224,"=""19:49:36.318.317.960 085.960us""",141,10,FF,225,8,FF,60000,236,34 4A,1.5448268109353556,1.5504767358871383,0,00 00 00 00,0,0,0,22,21
225,"=""19:50:37.194.853.220 086.020us""",10,10,FF,134227938,9,FF,60000,2597101,00 00,0.0,0.0,0,00 14 10 00,0,234,96,22,21
226,"=""19:51:38.075.226.800 086.180us""",12,10,FF,134227939,10,FF,60000,2597103,00 00,0.0,0.0,0,00 14 10 00,0,235,97,22,21
227,"=""19:52:38.952.396.340 085.980us""",14,10,FF,134227940,11,FF,60000,2597105,00 00,0.0,0.0,0,00 14 10 00,0,236,98,22,21
228,"=""19:53:39.833.542.620 086.040us""",17,10,FF,134227941,12,FF,60000,2597107,00 00,0.0,0.0,0,00 14 10 00,0,237,99,22,21
229,"=""19:54:40.716.140.280 086.020us""",19,10,FF,134227942,13,FF,60000,2597109,00 00,0.0,0.0,0,00 14 10 00,0,238,100,22,21
230,"=""19:55:41.608.228.020 085.980us""",21,10,FF,134227943,14,FF,60000,2597111,00 00,0.0,0.0,0,00 14 10 00,0,239,101,22,21
231,"=""19:56:42.488.139.760 085.980us""",24,10,FF,134227944,15,FF,60000,2597113,00 00,0.0,0.0,0,00 14 10 00,0,240,102,22,21
232,"=""19:57:43.372.346.880 085.960us""",26,10,FF,134227945,16,FF,60000,2597115,00 00,0.0,0.0,0,00 14 10 00,0,241,103,22,21
233,"=""19:58:44.253.542.940 085.980us (Jan-25-2024)""",28,10,FF,134227946,17,FF,60000,2597117,00 00,0.0,0.0,0,00 14 10 00,0,242,104,22,21
234,"=""19:59:45.134.499.380 086.000us""",34,10,FF,134227947,18,FF,60000,2597118,00 00,0.0,0.0,0,00 14 10 00,0,242,104,22,21
235,"=""20:00:46.005.622.660 086.100us""",40,10,FF,134227948,19,FF,60000,2597119,00 00,0.0,0.0,0,00 14 10 00,0,242,104,22,21
236,"=""20:01:46.880.501.440 086.000us""",42,10,FF,134227949,20,FF,60000,2597121,00 00,0.0,0.0,0,00 14 10 00,0,243,105,22,21
237,"=""20:02:47.753.121.540 086.000us""",44,10,FF,134227950,21,FF,60000,2597123,00 00,0.0,0.0,0,00 14 10 00,0,244,106,22,21
238,"=""20:03:48.624.056.500 086.000us""",47,10,FF,134227951,22,FF,60000,2597125,00 00,0.0,0.0,0,00 14 10 00,0,245,107,22,21
239,"=""20:04:49.487.199.800 086.020us""",49,10,FF,134227952,23,FF,60000,2597127,00 00,0.0,0.0,0,00 14 10 00,0,246,108,22,21
240,"=""20:05:50.355.039.480 086.040us""",51,10,FF,134227953,24,FF,60000,2597129,00 00,0.0,0.0,0,00 14 10 00,0,247,109,22,21
241,"=""20:06:51.221.635.560 086.000us""",54,10,FF,134227954,25,FF,60000,2597131,00 00,0.0,0.0,0,00 14 10 00,0,248,110,22,21
242,"=""20:07:52.089.837.280 086.020us""",56,10,FF,134227955,26,FF,60000,2597133,00 00,0.0,0.0,0,00 14 10 00,0,249,111,22,21
243,"=""20:08:52.957.502.100 086.020us""",58,10,FF,134227956,27,FF,60000,2597135,00 00,0.0,0.0,0,00 14 10 00,0,250,112,22,21
244,"=""20:09:53.828.711.260 086.000us""",3,10,FF,134227957,29,FF,60000,2597139,00 00,0.0,0.0,0,00 14 10 00,0,252,114,22,21
245,"=""20:10:54.711.870.080 086.020us""",5,10,FF,134227958,30,FF,60000,2597141,00 00,0.0,0.0,0,00 14 10 00,0,253,115,22,21
246,"=""20:11:55.589.889.800 086.040us""",7,10,FF,134227959,31,FF,60000,2597143,00 00,0.0,0.0,0,00 14 10 00,0,254,116,22,21
247,"=""20:12:56.470.651.460 086.000us""",10,10,FF,134227960,32,FF,60000,2597145,00 00,0.0,0.0,0,00 14 10 00,0,255,117,22,21
248,"=""20:13:57.340.770.260 086.000us""",71,10,FF,134227961,32,FF,60000,2597146,3A 14,10.000000596046519,1.5504290521656336,0,00 14 10 00,0,0,117,22,21
249,"=""20:14:58.212.827.980 085.980us""",132,10,FF,134227962,32,FF,60000,2597147,3A 4E,1.5449019127967254,1.5504356086773405,0,00 14 10 00,0,0,117,22,21
250,"=""20:15:59.079.189.780 086.000us""",193,10,FF,134227963,32,FF,60000,2597148,3A 87,1.544841116051807,1.5504552782124612,0,00 14 10 00,0,0,117,22,21
251,"=""20:16:59.948.870.060 086.000us""",254,10,FF,134227964,32,FF,60000,2597149,3A C0,1.5448393279122505,1.5504147470491823,0,00 14 10 00,0,0,117,22,21
252,"=""20:18:00.843.536.140 086.000us""",59,10,FF,134227965,32,FF,60000,2597150,3A FA,1.544822042563205,1.5504666030963186,0,00 14 10 00,0,0,117,22,21
253,"=""20:19:01.728.746.200 086.020us (Jan-25-2024)""",120,10,FF,134227966,32,FF,60000,2597151,3B 33,1.544844096284401,1.550483888445364,0,00 14 10 00,0,0,117,22,21
254,"=""20:20:02.596.562.700 086.200us""",181,10,FF,134227967,32,FF,60000,2597152,3B 6C,1.5448011809350468,1.5504427612355662,0,00 14 10 00,0,0,117,22,21
255,"=""20:21:03.465.422.600 086.000us""",242,10,FF,134227968,32,FF,60000,2597153,3B A5,1.5448679381451533,1.550490444957071,0,00 14 10 00,0,0,117,22,21
256,"=""20:22:04.335.023.740 085.980us""",47,10,FF,134227969,32,FF,60000,2597154,3B DF,1.5448709183777474,1.550490444957071,0,00 14 10 00,0,0,117,22,21
257,"=""20:23:05.208.301.180 085.980us""",108,10,FF,134227970,32,FF,60000,2597155,3C 18,1.544844096284401,1.5504457414681603,0,00 14 10 00,0,0,117,22,21
258,"=""20:24:06.081.039.060 085.980us""",169,10,FF,134227971,32,FF,60000,2597156,3C 51,1.5448345595401,1.550471371468469,0,00 14 10 00,0,0,117,22,21
259,"=""20:25:06.950.524.020 086.000us""",230,10,FF,134227972,32,FF,60000,2597157,3C 8B,1.544866150005597,1.5504630268172057,0,00 14 10 00,0,0,117,22,21
260,"=""20:26:07.825.270.140 086.180us""",35,10,FF,134227973,32,FF,60000,2597158,3C C4,1.544847076516995,1.550465411003281,0,00 14 10 00,0,0,117,22,21
261,"=""20:27:08.703.020.780 086.000us""",96,10,FF,134227974,32,FF,60000,2597159,3C FD,1.544822042563205,1.5504546821659424,0,00 14 10 00,0,0,117,22,21
262,"=""20:28:09.590.845.760 085.980us""",157,10,FF,134227975,32,FF,60000,2597160,3D 36,1.5448697262847098,1.5504677951893562,0,00 14 10 00,0,0,117,22,21
263,"=""20:29:10.475.906.860 085.980us""",218,10,FF,134227976,32,FF,60000,2597161,3D 70,1.5448601895404088,1.5504612386776493,0,00 14 10 00,0,0,117,22,21
264,"=""20:30:11.349.498.080 086.000us""",23,10,FF,134227977,32,FF,60000,2597162,3D A9,1.5448482686100327,1.5504487217007543,0,00 14 10 00,0,0,117,22,21
265,"=""20:31:12.224.074.440 086.020us""",84,10,FF,134227978,32,FF,60000,2597163,3D E2,1.5448274069818744,1.550505346120041,0,00 14 10 00,0,0,117,22,21
266,"=""20:32:13.103.260.480 086.000us""",145,10,FF,134227979,32,FF,60000,2597165,3E 55,1.5448601895404088,1.5504689872823938,0,00 14 10 00,0,0,117,22,21
267,"=""20:33:13.977.186.940 085.960us""",206,10,FF,134227980,32,FF,60000,2597166,3E 8E,1.5448542290752207,1.5504892528640333,0,00 14 10 00,0,0,117,22,21
268,"=""20:34:14.843.697.760 085.960us""",11,10,FF,134227981,32,FF,60000,2597167,3E C7,1.544850056749589,1.5504737556545443,0,00 14 10 00,0,0,117,22,21
269,"=""20:35:15.717.260.820 086.000us""",72,10,FF,134227982,32,FF,60000,2597168,3F 01,1.5448375397726941,1.5504749477475819,0,00 14 10 00,0,0,117,22,21
270,"=""20:36:16.590.365.740 086.020us""",133,10,FF,134227983,32,FF,60000,2597169,3F 3A,1.5448530369821831,1.5504975975152966,0,00 14 10 00,0,0,117,22,21
271,"=""20:37:17.464.185.960 086.020us""",194,10,FF,134227984,32,FF,60000,2597170,3F 73,1.5448417120983258,1.5504874647244768,0,00 14 10 00,0,0,117,22,21
272,"=""20:38:18.347.263.700 086.000us""",255,10,FF,134227985,32,FF,60000,2597171,3F AD,1.5448476725635139,1.550474351701063,0,00 14 10 00,0,0,117,22,21
273,"=""20:39:19.233.992.040 085.980us (Jan-25-2024)""",60,10,FF,134227986,32,FF,60000,2597172,3F E6,1.5448524409356643,1.550483888445364,0,00 14 10 00,0,0,117,22,21
274,"=""20:40:20.115.819.380 086.000us""",121,10,FF,134227987,32,FF,60000,2597173,40 1F,1.5448530369821831,1.5504874647244768,0,00 14 10 00,0,0,117,22,21
275,"=""20:41:21.002.140.440 086.020us""",182,10,FF,134227988,32,FF,60000,2597174,40 58,1.544844096284401,1.550483888445364,0,00 14 10 00,0,0,117,22,21
276,"=""20:42:21.882.163.360 086.080us""",243,10,FF,134227989,32,FF,60000,2597175,40 92,1.5448744946568602,1.5504975975152966,0,00 14 10 00,0,0,117,22,21
277,"=""20:43:22.760.015.120 086.020us""",48,10,FF,134227990,32,FF,60000,2597176,40 CB,1.5448512488426267,1.5504922330966273,0,00 14 10 00,0,0,117,22,21
278,"=""20:44:23.640.717.420 086.020us""",109,10,FF,134227991,32,FF,60000,2597177,41 04,1.5448589974473712,1.5504797161197323,0,00 14 10 00,0,0,117,22,21
279,"=""20:45:24.523.826.720 085.960us""",170,10,FF,134227992,32,FF,60000,2597178,41 3E,1.5448262148888368,1.550468391235875,0,00 14 10 00,0,0,117,22,21
280,"=""20:46:25.413.146.960 086.060us""",231,10,FF,134227993,32,FF,60000,2597179,41 77,1.544844096284401,1.5504850805384016,0,00 14 10 00,0,0,117,22,21
281,"=""20:47:26.300.365.760 085.980us""",36,10,FF,134227994,32,FF,60000,2597180,41 B0,1.5448435002378822,1.5505047500735223,0,00 14 10 00,0,0,117,22,21
282,"=""20:48:27.184.168.060 086.160us""",97,10,FF,134227995,32,FF,60000,2597181,41 E9,1.5448786669824919,1.5504785240266947,0,00 14 10 00,0,0,117,22,21
283,"=""20:49:28.050.638.160 085.980us""",158,10,FF,134227996,32,FF,60000,2597182,42 23,1.5448697262847098,1.5504719675149878,0,00 14 10 00,0,0,117,22,21
284,"=""20:50:28.919.839.240 086.160us""",219,10,FF,134227997,32,FF,60000,2597183,42 5C,1.5448560172147772,1.5504725635615066,0,00 14 10 00,0,0,117,22,21
285,"=""20:51:29.789.803.540 086.000us""",24,10,FF,134227998,32,FF,60000,2597184,42 95,1.5448238307027615,1.5504850805384016,0,00 14 10 00,0,0,117,22,21
286,"=""20:52:30.657.675.960 086.140us""",85,10,FF,134227999,32,FF,60000,2597185,42 CF,1.5448756867498978,1.5504886568175145,0,00 14 10 00,0,0,117,22,21
287,"=""20:53:31.520.339.040 086.000us""",146,10,FF,134228000,32,FF,60000,2597187,43 41,1.5448560172147772,1.5504767358871383,0,00 14 10 00,0,0,117,22,21
288,"=""20:54:32.395.895.320 085.960us""",207,10,FF,134228001,32,FF,60000,2597188,43 7A,1.544813101865423,1.550486868677958,0,00 14 10 00,0,0,117,22,21
289,"=""20:55:33.273.909.340 085.960us""",12,10,FF,134228002,32,FF,60000,2597189,43 B4,1.5448417120983258,1.5504874647244768,0,00 14 10 00,0,0,117,22,21
290,"=""20:56:34.143.497.280 086.020us""",73,10,FF,134228003,32,FF,60000,2597190,43 ED,1.5448488646565515,1.550477927980176,0,00 14 10 00,0,0,117,22,21
291,"=""20:57:35.020.405.340 086.020us""",134,10,FF,134228004,32,FF,60000,2597191,44 26,1.5448154860514982,1.5504725635615066,0,00 14 10 00,0,0,117,22,21
292,"=""20:58:35.893.300.740 086.020us""",195,10,FF,134228005,32,FF,60000,2597192,44 5F,1.544847076516995,1.5504445493751227,0,00 14 10 00,0,0,117,22,21
293,"=""20:59:36.767.235.000 086.000us (Jan-25-2024)""",0,10,FF,134228006,32,FF,60000,2597193,44 99,1.5448023730280844,1.5504916370501085,0,00 14 10 00,0,0,117,22,21
294,"=""21:00:37.634.570.720 085.980us""",61,10,FF,134228007,32,FF,60000,2597194,44 D2,1.5448113137258666,1.5505977333304564,0,00 14 10 00,0,0,117,22,21
295,"=""21:01:38.507.448.800 086.000us""",122,10,FF,134228008,32,FF,60000,2597195,45 0B,1.5448268109353556,1.5504761398406195,0,00 14 10 00,0,0,117,22,21
296,"=""21:02:39.380.762.580 086.000us""",183,10,FF,134228009,32,FF,60000,2597196,45 45,1.5448089295397913,1.55045587425898,0,00 14 10 00,0,0,117,22,21
297,"=""21:03:40.260.544.260 086.020us""",244,10,FF,134228010,32,FF,60000,2597197,45 7E,1.5448148900049794,1.5504642189102433,0,00 14 10 00,0,0,117,22,21
298,"=""21:04:41.145.520.800 085.960us""",49,10,FF,134228011,32,FF,60000,2597198,45 B7,1.544841116051807,1.5504821003058076,0,00 14 10 00,0,0,117,22,21
299,"=""21:05:42.049.783.540 085.960us""",110,10,FF,134228012,32,FF,60000,2597199,45 F1,1.5448399239587693,1.5504481256542355,0,00 14 10 00,0,0,117,22,21
300,"=""21:06:42.944.265.580 085.980us""",171,10,FF,134228013,32,FF,60000,2597200,46 2A,1.5448321753540248,1.5504570663520176,0,00 14 10 00,0,0,117,22,21
301,"=""21:07:43.837.001.140 086.020us""",232,10,FF,134228014,32,FF,60000,2597201,46 63,1.5448232346562427,1.5504755437941007,0,00 14 10 00,0,0,117,22,21
302,"=""21:08:44.727.618.000 086.000us""",37,10,FF,134228015,32,FF,60000,2597202,46 9C,1.54485959349389,1.5504815042592888,0,00 14 10 00,0,0,117,22,21
303,"=""21:09:45.619.375.680 086.020us""",98,10,FF,134228016,32,FF,60000,2597203,46 D6,1.5448327714005436,1.550449913793792,0,00 14 10 00,0,0,117,22,21
304,"=""21:10:46.513.500.480 086.000us""",159,10,FF,134228017,32,FF,60000,2597204,47 0F,1.5448208504701675,1.5504785240266947,0,00 14 10 00,0,0,117,22,21
305,"=""21:11:47.400.113.140 086.000us""",220,10,FF,134228018,32,FF,60000,2597205,47 48,1.5448375397726941,1.5504087865839942,0,00 14 10 00,0,0,117,22,21
306,"=""21:12:48.285.553.320 086.140us""",25,10,FF,134228019,32,FF,60000,2597206,47 81,1.5448405200052882,1.5504600465846117,0,00 14 10 00,0,0,117,22,21
307,"=""21:13:49.172.650.920 086.000us""",55,10,FF,269494324,33,FF,60000,2597207,00 00,0.0,0.0,0,EA 60 10 00,0,0,117,22,21
308,"=""21:14:50.045.686.940 085.960us""",116,10,FF,269494325,33,FF,60000,2597208,47 F7,10.000000596046519,1.5504379928634158,0,EA 60 10 00,0,1,117,22,21
309,"=""21:15:50.941.976.240 086.020us""",177,10,FF,269494326,33,FF,60000,2597210,48 6A,1.5448250227957991,1.5504546821659424,0,EA 60 10 00,0,0,117,22,21
310,"=""21:16:51.832.884.460 085.980us""",238,10,FF,269494327,33,FF,60000,2597211,48 A3,1.5448148900049794,1.550458854491574,0,EA 60 10 00,0,0,117,22,21
311,"=""21:17:52.700.474.780 086.020us""",43,10,FF,269494328,33,FF,60000,2597212,48 DC,1.5448280030283932,1.5504493177472731,0,EA 60 10 00,0,0,117,22,21
312,"=""21:18:53.588.399.000 086.020us""",104,10,FF,269494329,33,FF,60000,2597213,49 16,1.5448095255863101,1.5504862726314392,0,EA 60 10 00,0,0,117,22,21
313,"=""21:19:54.488.050.560 085.960us (Jan-25-2024)""",165,10,FF,269494330,33,FF,60000,2597214,49 4F,1.544806545353716,1.5504606426311305,0,EA 60 10 00,0,0,117,22,21
314,"=""21:20:55.388.719.680 085.960us""",226,10,FF,269494331,33,FF,60000,2597215,49 88,1.544807141400235,1.5504511058868296,0,EA 60 10 00,0,0,117,22,21
315,"=""21:21:56.285.112.000 086.040us""",31,10,FF,269494332,33,FF,60000,2597216,49 C1,1.5448172741910546,1.5504415691425286,0,EA 60 10 00,0,0,117,22,21
316,"=""21:22:57.177.439.740 086.020us""",92,10,FF,269494333,33,FF,60000,2597217,49 FB,1.544844096284401,1.5504368007703782,0,EA 60 10 00,0,0,117,22,21
317,"=""21:23:58.067.720.540 086.020us""",153,10,FF,269494334,33,FF,60000,2597218,4A 34,1.5447916441907459,1.5504409730960098,0,EA 60 10 00,0,0,117,22,21
318,"=""21:24:58.961.225.160 086.000us""",214,10,FF,269494335,33,FF,60000,2597219,4A 6D,1.5448303872144684,1.5504546821659424,0,EA 60 10 00,0,0,117,22,21
319,"=""21:25:59.847.224.460 085.960us""",19,10,FF,269494336,33,FF,60000,2597220,4A A6,1.544806545353716,1.5504749477475819,0,EA 60 10 00,0,0,117,22,21
320,"=""21:27:00.740.911.600 086.000us""",80,10,FF,269494337,33,FF,60000,2597221,4A E0,1.544797604655934,1.5504677951893562,0,EA 60 10 00,0,0,117,22,21
321,"=""21:28:01.633.022.940 085.980us""",141,10,FF,269494338,33,FF,60000,2597222,4B 19,1.5447993927954904,1.5504439533286039,0,EA 60 10 00,0,0,117,22,21
322,"=""21:29:02.525.394.500 086.020us""",202,10,FF,269494339,33,FF,60000,2597223,4B 52,1.5448333674470625,1.550440377049491,0,EA 60 10 00,0,0,117,22,21
323,"=""21:30:03.414.372.740 085.960us""",7,10,FF,269494340,33,FF,60000,2597224,4B 8B,1.544810121632829,1.5504320323982277,0,EA 60 10 00,0,0,117,22,21
324,"=""21:31:04.298.415.280 085.980us""",68,10,FF,269494341,33,FF,60000,2597225,4B C5,1.544782107446445,1.5504415691425286,0,EA 60 10 00,0,0,117,22,21
325,"=""21:32:05.181.124.680 085.980us""",129,10,FF,269494342,33,FF,60000,2597226,4B FE,1.5448154860514982,1.5504493177472731,0,EA 60 10 00,0,0,117,22,21
326,"=""21:33:06.056.357.580 086.000us""",190,10,FF,269494343,33,FF,60000,2597227,4C 37,1.5448154860514982,1.550440377049491,0,EA 60 10 00,0,0,117,22,21
327,"=""21:34:06.925.814.800 085.960us""",251,10,FF,269494344,33,FF,60000,2597228,4C 70,1.5448303872144684,1.550434416584303,0,EA 60 10 00,0,0,117,22,21
328,"=""21:35:07.794.704.820 086.000us""",56,10,FF,269494345,33,FF,60000,2597229,4C AA,1.5448309832609872,1.5504332244912653,0,EA 60 10 00,0,0,117,22,21
329,"=""21:36:08.667.959.180 086.000us""",117,10,FF,269494346,33,FF,60000,2597230,4C E3,1.5448333674470625,1.5504397810029722,0,EA 60 10 00,0,0,117,22,21
330,"=""21:37:09.546.412.360 086.000us""",178,10,FF,269494347,33,FF,60000,2597232,4D 56,1.5448208504701675,1.5504230917004456,0,EA 60 10 00,0,0,117,22,21
331,"=""21:38:10.418.037.560 085.980us""",239,10,FF,269494348,33,FF,60000,2597233,4D 8F,1.5448250227957991,1.55045587425898,0,EA 60 10 00,0,0,117,22,21
332,"=""21:39:11.297.187.300 086.020us""",18,10,FF,269494349,34,FF,60000,2597234,00 00,0.0,0.0,0,EA 60 10 00,0,0,117,22,21
333,"=""21:40:12.167.598.120 086.000us (Jan-25-2024)""",79,10,FF,269494350,34,FF,60000,2597235,4D F8,10.000000596046519,1.5504111707700694,0,EA 60 10 00,0,1,117,22,21
334,"=""21:41:13.040.276.180 085.940us""",140,10,FF,269494351,34,FF,60000,2597236,4E 31,1.544816082098017,1.5504046142583625,0,EA 60 10 00,0,0,117,22,21
335,"=""21:42:13.916.831.280 086.020us""",201,10,FF,269494352,34,FF,60000,2597237,4E 6B,1.5448125058189042,1.5504427612355662,0,EA 60 10 00,0,0,117,22,21
336,"=""21:43:14.789.978.540 086.000us""",6,10,FF,269494353,34,FF,60000,2597238,4E A4,1.5448357516331377,1.550449913793792,0,EA 60 10 00,0,0,117,22,21
337,"=""21:44:15.660.187.620 085.980us""",67,10,FF,269494354,34,FF,60000,2597239,4E DD,1.5447815113999261,1.5504397810029722,0,EA 60 10 00,0,0,117,22,21
338,"=""21:45:16.527.474.060 085.980us""",128,10,FF,269494355,34,FF,60000,2597240,4F 17,1.5448196583771299,1.5504517019333484,0,EA 60 10 00,0,0,117,22,21
339,"=""21:46:17.395.730.040 085.980us""",189,10,FF,269494356,34,FF,60000,2597241,4F 50,1.5447922402372647,1.5504159391422199,0,EA 60 10 00,0,0,117,22,21
340,"=""21:47:18.278.256.260 085.980us""",250,10,FF,269494357,34,FF,60000,2597242,4F 89,1.544816082098017,1.5504272640260772,0,EA 60 10 00,0,0,117,22,21
341,"=""21:48:19.157.335.440 086.040us""",55,10,FF,269494358,34,FF,60000,2597243,4F C2,1.5447922402372647,1.5504451454216415,0,EA 60 10 00,0,0,117,22,21
342,"=""21:49:20.041.568.480 086.040us""",116,10,FF,269494359,34,FF,60000,2597244,4F FC,1.5447952204698587,1.5504803121662512,0,EA 60 10 00,0,0,117,22,21
343,"=""21:50:20.927.069.880 086.000us""",177,10,FF,269494360,34,FF,60000,2597245,50 35,1.544816082098017,1.5504540861194236,0,EA 60 10 00,0,0,117,22,21
344,"=""21:51:21.816.583.980 085.980us""",238,10,FF,269494361,34,FF,60000,2597246,50 6E,1.5447898560511895,1.5504511058868296,0,EA 60 10 00,0,0,117,22,21
345,"=""21:52:22.702.630.680 086.040us""",43,10,FF,269494362,34,FF,60000,2597247,50 A7,1.5448142939584606,1.5504534900729048,0,EA 60 10 00,0,0,117,22,21
346,"=""21:53:23.589.869.480 085.980us""",104,10,FF,269494363,34,FF,60000,2597248,50 E1,1.544813101865423,1.5504379928634158,0,EA 60 10 00,0,0,117,22,21
347,"=""21:54:24.476.249.780 085.960us""",165,10,FF,269494364,34,FF,60000,2597250,51 53,1.5447982007024528,1.5504487217007543,0,EA 60 10 00,0,0,117,22,21
348,"=""21:55:25.391.180.580 086.020us""",226,10,FF,269494365,34,FF,60000,2597251,51 8C,1.544807141400235,1.5504481256542355,0,EA 60 10 00,0,0,117,22,21
349,"=""21:56:26.299.120.380 085.980us""",31,10,FF,269494366,34,FF,60000,2597252,51 C6,1.5448262148888368,1.5504481256542355,0,EA 60 10 00,0,0,117,22,21
350,"=""21:57:27.203.081.020 085.980us""",92,10,FF,269494367,34,FF,60000,2597253,51 FF,1.5448023730280844,1.550440377049491,0,EA 60 10 00,0,0,117,22,21
351,"=""21:58:28.121.480.840 086.000us""",153,10,FF,269494368,34,FF,60000,2597254,52 38,1.5448107176793477,1.5504481256542355,0,EA 60 10 00,0,0,117,22,21
352,"=""21:59:29.043.183.880 086.000us""",214,10,FF,269494369,34,FF,60000,2597255,52 71,1.5448244267492803,1.550462430770687,0,EA 60 10 00,0,0,117,22,21
353,"=""22:00:29.955.968.500 085.980us (Jan-25-2024)""",19,10,FF,269494370,34,FF,60000,2597256,52 AB,1.5447809153534073,1.5504606426311305,0,EA 60 10 00,0,0,117,22,21
354,"=""22:01:30.849.303.960 086.020us""",80,10,FF,269494371,34,FF,60000,2597257,52 E4,1.544816082098017,1.550468391235875,0,EA 60 10 00,0,0,117,22,21
355,"=""22:02:31.746.515.840 086.080us""",141,10,FF,269494372,34,FF,60000,2597258,53 1D,1.5448154860514982,1.5504636228637245,0,EA 60 10 00,0,0,117,22,21
356,"=""22:03:32.643.416.680 086.140us""",202,10,FF,269494373,34,FF,60000,2597259,53 56,1.5448125058189042,1.550449913793792,0,EA 60 10 00,0,0,117,22,21
357,"=""22:04:33.532.879.800 085.980us""",7,10,FF,269494374,34,FF,60000,2597260,53 90,1.5448142939584606,1.5504236877469644,0,EA 60 10 00,0,0,117,22,21
358,"=""22:05:34.426.531.420 085.960us""",68,10,FF,269494375,34,FF,60000,2597261,53 C9,1.5447964125628963,1.5504511058868296,0,EA 60 10 00,0,0,117,22,21
359,"=""22:06:35.327.228.620 085.940us""",129,10,FF,269494376,34,FF,60000,2597262,54 02,1.544810121632829,1.550471371468469,0,EA 60 10 00,0,0,117,22,21
360,"=""22:07:36.243.416.100 086.000us""",190,10,FF,269494377,34,FF,60000,2597263,54 3B,1.5447803193068885,1.5504421651890474,0,EA 60 10 00,0,0,117,22,21
361,"=""22:08:37.153.420.420 086.000us""",251,10,FF,269494378,34,FF,60000,2597264,54 75,1.5448142939584606,1.550468391235875,0,EA 60 10 00,0,0,117,22,21
362,"=""22:09:38.066.631.060 086.000us""",56,10,FF,269494379,34,FF,60000,2597265,54 AE,1.5447928362837835,1.5504487217007543,0,EA 60 10 00,0,0,117,22,21
363,"=""22:10:38.965.847.740 085.980us""",117,10,FF,269494380,34,FF,60000,2597266,54 E7,1.544806545353716,1.5504421651890474,0,EA 60 10 00,0,0,117,22,21
364,"=""22:11:39.864.019.540 086.000us""",178,10,FF,269494381,34,FF,60000,2597267,55 20,1.5448125058189042,1.5504368007703782,0,EA 60 10 00,0,0,117,22,21
365,"=""22:12:40.751.807.740 085.960us""",239,10,FF,269494382,34,FF,60000,2597268,55 5A,1.544778531167332,1.5504874647244768,0,EA 60 10 00,0,0,117,22,21
366,"=""22:13:41.626.733.020 085.980us""",44,10,FF,269494383,34,FF,60000,2597269,55 93,1.5448208504701675,1.550427860072596,0,EA 60 10 00,0,0,117,22,21
367,"=""22:14:42.502.222.340 086.080us""",105,10,FF,269494384,34,FF,60000,2597270,55 CC,1.5448053532606785,1.5504213035608891,0,EA 60 10 00,0,0,117,22,21
368,"=""22:15:43.374.529.820 086.000us""",166,10,FF,269494385,34,FF,60000,2597272,56 3F,1.5448041611676409,1.5504320323982277,0,EA 60 10 00,0,0,117,22,21
369,"=""22:16:44.247.907.080 085.980us""",227,10,FF,269494386,34,FF,60000,2597273,56 78,1.5448083334932725,1.5504606426311305,0,EA 60 10 00,0,0,117,22,21
370,"=""22:17:45.122.568.780 086.020us""",32,10,FF,269494387,34,FF,60000,2597274,56 B1,1.544800584888528,1.5504177272817763,0,EA 60 10 00,0,0,117,22,21
371,"=""22:18:45.998.328.540 086.000us""",93,10,FF,269494388,34,FF,60000,2597275,56 EB,1.5448041611676409,1.550452894026386,0,EA 60 10 00,0,0,117,22,21
372,"=""22:19:46.874.641.740 086.000us""",154,10,FF,269494389,34,FF,60000,2597276,57 24,1.5448154860514982,1.5504242837934832,0,EA 60 10 00,0,0,117,22,21
373,"=""22:20:47.750.723.200 085.960us (Jan-25-2024)""",215,10,FF,269494390,34,FF,60000,2597277,57 5D,1.5448113137258666,1.5504302442586713,0,EA 60 10 00,0,0,117,22,21
374,"=""22:21:48.630.235.200 086.020us""",20,10,FF,269494391,34,FF,60000,2597278,57 96,1.544782107446445,1.5504421651890474,0,EA 60 10 00,0,0,117,22,21
375,"=""22:22:49.511.955.880 086.020us""",81,10,FF,269494392,34,FF,60000,2597279,57 D0,1.544772570702144,1.5504409730960098,0,EA 60 10 00,0,0,117,22,21
376,"=""22:23:50.392.566.100 086.000us""",142,10,FF,269494393,34,FF,60000,2597280,58 09,1.5448095255863101,1.5504517019333484,0,EA 60 10 00,0,0,117,22,21
377,"=""22:24:51.267.956.680 086.060us""",203,10,FF,269494394,34,FF,60000,2597281,58 42,1.5447904520977083,1.5504421651890474,0,EA 60 10 00,0,0,117,22,21
378,"=""22:25:52.151.548.420 085.980us""",8,10,FF,269494395,34,FF,60000,2597282,58 7B,1.5447964125628963,1.550440377049491,0,EA 60 10 00,0,0,117,22,21
379,"=""22:26:53.046.516.640 086.000us""",69,10,FF,269494396,34,FF,60000,2597283,58 B5,1.544772570702144,1.5504487217007543,0,EA 60 10 00,0,0,117,22,21
380,"=""22:27:53.943.699.860 086.020us""",130,10,FF,269494397,34,FF,60000,2597284,58 EE,1.5448011809350468,1.5504815042592888,0,EA 60 10 00,0,0,117,22,21
381,"=""22:28:54.836.657.520 085.980us""",191,10,FF,269494398,34,FF,60000,2597285,59 27,1.5447916441907459,1.5504326284447465,0,EA 60 10 00,0,0,117,22,21
382,"=""22:29:55.711.237.180 086.000us""",252,10,FF,269494399,34,FF,60000,2597286,59 61,1.5448125058189042,1.5504427612355662,0,EA 60 10 00,0,0,117,22,21
383,"=""22:30:56.598.371.800 086.040us""",57,10,FF,269494400,34,FF,60000,2597287,59 9A,1.5448178702375734,1.550477927980176,0,EA 60 10 00,0,0,117,22,21
384,"=""22:31:57.468.121.560 086.020us""",118,10,FF,269494401,34,FF,60000,2597288,59 D3,1.5448142939584606,1.5504379928634158,0,EA 60 10 00,0,0,117,22,21
385,"=""22:32:58.342.006.040 086.020us""",179,10,FF,269494402,34,FF,60000,2597289,5A 0C,1.5448077374467537,1.5504379928634158,0,EA 60 10 00,0,0,117,22,21
386,"=""22:33:59.223.338.020 086.000us""",240,10,FF,269494403,34,FF,60000,2597290,5A 46,1.544831579307506,1.5504719675149878,0,EA 60 10 00,0,0,117,22,21
387,"=""22:35:00.097.956.180 086.000us""",45,10,FF,269494404,34,FF,60000,2597291,5A 7F,1.5447844916325202,1.5504612386776493,0,EA 60 10 00,0,0,117,22,21
388,"=""22:36:00.976.567.360 086.000us""",106,10,FF,269494405,34,FF,60000,2597292,5A B8,1.5448214465166863,1.5504630268172057,0,EA 60 10 00,0,0,117,22,21
389,"=""22:37:01.848.743.640 086.000us""",167,10,FF,269494406,34,FF,60000,2597294,5B 2B,1.544797604655934,1.5504362047238593,0,EA 60 10 00,0,0,117,22,21
390,"=""22:38:02.728.431.780 086.060us""",228,10,FF,269494407,34,FF,60000,2597295,5B 64,1.54479462442334,1.550427860072596,0,EA 60 10 00,0,0,117,22,21
391,"=""22:39:03.599.596.060 086.060us""",33,10,FF,269494408,34,FF,60000,2597296,5B 9D,1.5448125058189042,1.550427860072596,0,EA 60 10 00,0,0,117,22,21
392,"=""22:40:04.479.122.160 085.980us""",94,10,FF,269494409,34,FF,60000,2597297,5B D7,1.5447862797720766,1.5504069984444377,0,EA 60 10 00,0,0,117,22,21
393,"=""22:41:05.348.974.420 085.980us (Jan-25-2024)""",155,10,FF,269494410,34,FF,60000,2597298,5C 10,1.5448011809350468,1.55043084030519,0,EA 60 10 00,0,0,117,22,21
394,"=""22:42:06.217.711.920 085.960us""",216,10,FF,269494411,34,FF,60000,2597299,5C 49,1.5447844916325202,1.5504332244912653,0,EA 60 10 00,0,0,117,22,21
395,"=""22:43:07.088.554.320 086.040us""",21,10,FF,269494412,34,FF,60000,2597300,5C 83,1.5447701865160688,1.5504409730960098,0,EA 60 10 00,0,0,117,22,21
396,"=""22:44:07.958.673.560 086.020us""",82,10,FF,269494413,34,FF,60000,2597301,5C BC,1.5447958165163775,1.5504576623985364,0,EA 60 10 00,0,0,117,22,21
397,"=""22:45:08.831.810.100 086.040us""",43,10,FF,269494414,35,FF,60000,2597302,00 00,0.0,0.0,0,EA 60 10 00,0,0,117,22,21
398,"=""22:46:09.699.144.960 086.040us""",104,10,FF,269494415,35,FF,60000,2597303,5D 1B,10.000000596046519,1.5503944814675428,0,EA 60 10 00,0,1,117,22,21
399,"=""22:47:10.582.161.720 086.020us""",165,10,FF,269494416,35,FF,60000,2597304,5D 55,1.5447874718651142,1.5504195154213327,0,EA 60 10 00,0,0,117,22,21
400,"=""22:48:11.455.084.880 086.040us""",226,10,FF,269494417,35,FF,60000,2597305,5D 8E,1.544813101865423,1.5504457414681603,0,EA 60 10 00,0,0,117,22,21
401,"=""22:49:12.326.815.400 086.040us""",31,10,FF,269494418,35,FF,60000,2597306,5D C7,1.5447928362837835,1.550452894026386,0,EA 60 10 00,0,0,117,22,21
402,"=""22:50:13.199.465.080 086.020us""",92,10,FF,269494419,35,FF,60000,2597307,5E 01,1.5448023730280844,1.5504099786770318,0,EA 60 10 00,0,0,117,22,21
403,"=""22:51:14.077.534.580 086.000us""",153,10,FF,269494420,35,FF,60000,2597309,5E 73,1.544791048144227,1.550418323328295,0,EA 60 10 00,0,0,117,22,21
404,"=""22:52:14.950.045.540 086.020us""",214,10,FF,269494421,35,FF,60000,2597310,5E AD,1.5447892600046707,1.5504040182118437,0,EA 60 10 00,0,0,117,22,21
405,"=""22:53:15.818.575.480 086.040us""",19,10,FF,269494422,35,FF,60000,2597311,5E E6,1.5447624379113243,1.5504236877469644,0,EA 60 10 00,0,0,117,22,21
406,"=""22:54:16.690.368.220 086.060us""",80,10,FF,269494423,35,FF,60000,2597312,5F 1F,1.5448047572141597,1.550418919374814,0,EA 60 10 00,0,0,117,22,21
407,"=""22:55:17.558.096.400 086.040us""",141,10,FF,269494424,35,FF,60000,2597313,5F 58,1.5448250227957991,1.5504493177472731,0,EA 60 10 00,0,0,117,22,21
408,"=""22:56:18.424.481.200 085.980us""",202,10,FF,269494425,35,FF,60000,2597314,5F 92,1.5448214465166863,1.5504266679795584,0,EA 60 10 00,0,0,117,22,21
